a,K,replicate,Diversity,Stability,Biomass
0.5,0.1,1.0,1.0000000000000002,-0.0003821533082741339,0.1666656332275428
0.5,0.1778279410038923,1.0,1.0000000000000002,-0.00037647759428988034,0.296377849183013
0.5,0.31622776601683794,1.0,0.8448685193609037,-0.0002917537984322446,0.5268448854537756
0.5,0.5623413251903491,1.0,0.7985454110822648,-0.00024413093416621878,0.9299847480603383
0.5,1.0,1.0,0.8330707070128642,-0.1414942165993462,1.5761678727163824
0.5,1.7782794100389228,1.0,0.8159120641167598,-0.06499077185002257,2.085950802799691
0.5,3.162277660168379,1.0,0.7979257747306491,-0.614972761609357,2.6796390499723763
0.5,5.623413251903491,1.0,0.9997978224264276,-0.005838247911581064,1.3526183814921688
0.5,10.0,1.0,0.9988878210383973,-0.011259829007887537,1.4203054929301033
0.5625,0.1,1.0,1.0000000000000002,-0.00038292808220282754,0.1538452122384111
0.5625,0.1778279410038923,1.0,1.0000000000000002,-0.00037754685125092265,0.27357975241075316
0.5625,0.31622776601683794,1.0,0.8430397040574931,-0.00029248468199569866,0.4867190647094125
0.5625,0.5623413251903491,1.0,0.8329362720491373,-0.00026582061427151343,0.8640505418773716
0.5625,1.0,1.0,0.8241281578036487,-0.10833758707785254,1.4924477705241541
0.5625,1.7782794100389228,1.0,0.8074241721813947,-0.08971186378218987,2.0344860377528176
0.5625,3.162277660168379,1.0,0.779124967197937,-0.6753510104160998,2.629045965410079
0.5625,5.623413251903491,1.0,0.6898995157012336,-0.9830279978539223,2.3141157465917503
0.5625,10.0,1.0,0.9988860234534468,-0.011272981552680122,1.420118099224929
0.625,0.1,1.0,1.0000000000000002,-0.0003834457446348245,0.142856101973491
0.625,0.1778279410038923,1.0,1.0000000000000002,-0.00037697913330596473,0.2540380241937278
0.625,0.31622776601683794,1.0,0.9105976201374136,-0.00032783180722399343,0.45207838857351584
0.625,0.5623413251903491,1.0,0.8021095269990824,-0.00026647898800823334,0.8018643893833957
0.625,1.0,1.0,0.8081967086223499,-0.0901939816949817,1.4110097480923824
0.625,1.7782794100389228,1.0,0.8381825935888229,-0.07495739005869513,1.9839271496018207
0.625,3.162277660168379,1.0,0.787905468968199,-0.7473401491576811,2.5640487578450557
0.625,5.623413251903491,1.0,0.6792730296416504,-1.0159641930890901,2.30553123066398
0.625,10.0,1.0,0.9988813038269111,-0.011303194004952936,1.4200242202158058
0.6875,0.1,1.0,1.0000000000000002,-0.0003854526204453548,0.13333242289053043
0.6875,0.1778279410038923,1.0,1.0000000000000002,-0.00037935919377073666,0.2371023458048212
0.6875,0.31622776601683794,1.0,0.907100508717258,-0.00032792223345670706,0.42191490890029004
0.6875,0.5623413251903491,1.0,0.793401214257181,-0.0002673954131820669,0.7494355066121975
0.6875,1.0,1.0,0.7878696377219456,-0.08088169235792231,1.332829598976631
0.6875,1.7782794100389228,1.0,0.8758509464504258,-0.25274274788794565,1.9405975548952406
0.6875,3.162277660168379,1.0,0.7375119192632773,-0.7863072223087302,2.5302057012321524
0.6875,5.623413251903491,1.0,0.6682436776179947,-1.033892899998814,2.3453372156512327
0.6875,10.0,1.0,0.9988773899869404,-0.011264064943792805,1.4201066643249858
0.75,0.1,1.0,1.0000000000000002,-0.00038673686564998474,0.12499910349023281
0.75,0.1778279410038923,1.0,1.0000000000000002,-0.00037833325520092697,0.22228332638106846
0.75,0.31622776601683794,1.0,1.0,-0.0004204376022769768,0.3891999904081866
0.75,0.5623413251903491,1.0,0.7836916371718036,-0.0002670129429271521,0.7027234497015998
0.75,1.0,1.0,0.7339336151415673,-0.05425290891989059,1.2568881944993076
0.75,1.7782794100389228,1.0,0.85249928837082,-0.39036605245319766,1.89754025443682
0.75,3.162277660168379,1.0,0.7379865863999696,-0.800570587844903,2.518525892212984
0.75,5.623413251903491,1.0,0.6568745107883486,-1.0720660195177574,2.3253054434248956
0.75,10.0,1.0,0.9988807934050352,-0.01126885335487482,1.4203079319471286
0.8125,0.1,1.0,1.0000000000000002,-0.0003863860488909784,0.11764626642969073
0.8125,0.1778279410038923,1.0,1.0000000000000002,-0.00037973682109846107,0.20920811110331977
0.8125,0.31622776601683794,1.0,1.0,-0.0003765830327701364,0.3720302039726235
0.8125,0.5623413251903491,1.0,0.7740119411462418,-0.01260664846449033,0.6611492957947247
0.8125,1.0,1.0,0.8279436858011361,-0.00029031635481116986,1.1755666618659886
0.8125,1.7782794100389228,1.0,0.8373295995329235,-0.4666502682755292,1.8525104099453251
0.8125,3.162277660168379,1.0,0.7089663108973764,-0.9130187995702794,2.49752775577588
0.8125,5.623413251903491,1.0,0.6407483296763341,-1.107656672624192,2.3423585646078946
0.8125,10.0,1.0,0.9988782624453991,-0.011308567322792944,1.4202475627479945
0.875,0.1,1.0,1.0,-0.00038873307486038416,0.11111028797173046
0.875,0.1778279410038923,1.0,1.0000000000000002,-0.0003805586920169001,0.19758535040525296
0.875,0.31622776601683794,1.0,1.0,-0.0003761315494527493,0.3513621182720046
0.875,0.5623413251903491,1.0,0.8207709772513362,-0.0002946135259797619,0.6244858773557114
0.875,1.0,1.0,0.8889134472933364,-0.0003244837941434663,1.1105334420072537
0.875,1.7782794100389228,1.0,0.6675915201074465,-0.032797718417978926,1.9602140266288206
0.875,3.162277660168379,1.0,0.6804056752107196,-1.0023229720535993,2.463384221126393
0.875,5.623413251903491,1.0,0.6326971133737029,-1.1220184361184025,2.3460625239441733
0.875,10.0,1.0,0.9988860218682946,-0.011275015841721409,1.4201148967631874
0.9375,0.1,1.0,1.0,-0.00038747236255793347,0.10526236242617991
0.9375,0.1778279410038923,1.0,1.0,-0.0003817398044502457,0.18718599814748277
0.9375,0.31622776601683794,1.0,1.0,-0.00037526789643047974,0.3328688760204638
0.9375,0.5623413251903491,1.0,0.9999999999999998,-0.00037282856784835044,0.5919338864743543
0.9375,1.0,1.0,0.9999999999999933,-0.00037339584093438175,1.0526246763682972
0.9375,1.7782794100389228,1.0,0.6201847949423809,-0.9789581889596389,1.7791053980515859
0.9375,3.162277660168379,1.0,0.6460831178516,-1.1634076917619685,2.4282659922231664
0.9375,5.623413251903491,1.0,0.5966209276602892,-1.2000043013326684,2.37732026189858
0.9375,10.0,1.0,0.9988780110698185,-0.011320045761681934,1.4202424478990878
1.0,0.1,1.0,0.26158966599561206,-0.0005990117028429857,0.09999884531269468
1.0,0.1778279410038923,1.0,0.6706089814328016,-0.0004884901104635091,0.17782583674437594
1.0,0.31622776601683794,1.0,0.5043787390226773,-0.0004522208292258679,0.31622518606429934
1.0,0.5623413251903491,1.0,0.6703929935908138,-0.000419395527367946,0.5623367476025258
1.0,1.0,1.0,0.5519967448408604,-0.00047045695460449605,0.9999911686106933
1.0,1.7782794100389228,1.0,0.39948809971139143,-0.0004208923360316585,1.7782660588193588
1.0,3.162277660168379,1.0,0.6533552010248704,-1.1003076036679063,2.40319435154869
1.0,5.623413251903491,1.0,0.579413713200565,-1.2324692286398693,2.394053265931497
1.0,10.0,1.0,0.9988825603700211,-0.01127299051540671,1.4200387097550469
0.5,0.1,2.0,0.9999999999999999,-0.0004893774401246245,0.1499986593800497
0.5,0.1778279410038923,2.0,0.8266338508405531,-0.0007676753025348159,0.22420985526185727
0.5,0.31622776601683794,2.0,0.8532412498872584,-0.0003732130236016861,0.39455148773100646
0.5,0.5623413251903491,2.0,0.7706683562701372,-0.006674363717927639,0.6348419184267566
0.5,1.0,2.0,0.6230294539887017,-0.7727088807574467,0.762138419172301
0.5,1.7782794100389228,2.0,0.9897084934834177,-0.04554327849192767,0.48449447819290087
0.5,3.162277660168379,2.0,0.31315051006364547,-1.4713399622455483,0.6384577481780268
0.5,5.623413251903491,2.0,NaN,NaN,NaN
0.5,10.0,2.0,NaN,NaN,NaN
0.5625,0.1,2.0,0.9999999999999999,-0.0004901755661070043,0.14117498426986197
0.5625,0.1778279410038923,2.0,0.624502184227771,-0.0002561856535598766,0.253438262390141
0.5625,0.31622776601683794,2.0,0.65360549886942,-0.0002380621602556223,0.43251289583448305
0.5625,0.5623413251903491,2.0,0.8113091849160379,-0.026689614392633895,0.6234705947551901
0.5625,1.0,2.0,0.7495377704767082,-0.7707473887598341,0.6253618215502389
0.5625,1.7782794100389228,2.0,0.5979214738034262,-1.20416128975141,0.8616919363168011
0.5625,3.162277660168379,2.0,0.3256822069234772,-1.4911401545724088,0.6227765557125343
0.5625,5.623413251903491,2.0,NaN,NaN,NaN
0.5625,10.0,2.0,NaN,NaN,NaN
0.625,0.1,2.0,0.9999999999999999,-0.0004913671716507062,0.13333183609535745
0.625,0.1778279410038923,2.0,0.6363936274232599,-0.0002762971151524504,0.23878319572329304
0.625,0.31622776601683794,2.0,0.6477225911111654,-0.00023775832008297176,0.41228937231822965
0.625,0.5623413251903491,2.0,0.7943237680474929,-0.011302735613985567,0.6120980579528795
0.625,1.0,2.0,0.7793693149865326,-0.8284783341895968,0.7525479577706438
0.625,1.7782794100389228,2.0,0.9896405179320404,-0.045557725716733756,0.4841455129939787
0.625,3.162277660168379,2.0,0.31128825816805133,-1.519491448409509,0.606820691443015
0.625,5.623413251903491,2.0,NaN,NaN,NaN
0.625,10.0,2.0,NaN,NaN,NaN
0.6875,0.1,2.0,0.9999999999999999,-0.0004924610734264318,0.126314313605212
0.6875,0.1778279410038923,2.0,0.6009631455680565,-0.00027881325344291253,0.22541237805000428
0.6875,0.31622776601683794,2.0,0.5640121392647228,-0.0002276054752679779,0.39206259527601184
0.6875,0.5623413251903491,2.0,0.8332797483653649,-0.5089487302323847,0.5157988051901444
0.6875,1.0,2.0,0.7402648775953447,-0.8049096056752281,0.6161928155244063
0.6875,1.7782794100389228,2.0,0.7090487512513203,-1.0256447853050878,0.8531181026019959
0.6875,3.162277660168379,2.0,0.31907683765477685,-1.521579875320803,0.5987204661161495
0.6875,5.623413251903491,2.0,NaN,NaN,NaN
0.6875,10.0,2.0,NaN,NaN,NaN
0.75,0.1,2.0,0.9999999999999999,-0.0004913808337050767,0.11999883171952982
0.75,0.1778279410038923,2.0,0.7927243068796289,-0.023491821122955402,0.2133936796189902
0.75,0.31622776601683794,2.0,0.5617971669744987,-0.00025485993827047447,0.3742111366669111
0.75,0.5623413251903491,2.0,0.8069628463265787,-0.5933110287923627,0.5129374177268159
0.75,1.0,2.0,0.6121048893153669,-0.9458803659598919,0.6110260840772119
0.75,1.7782794100389228,2.0,0.9896226281117159,-0.045438642153389705,0.48470183449437276
0.75,3.162277660168379,2.0,0.3200873451167828,-1.5130744557448899,0.605996616279208
0.75,5.623413251903491,2.0,NaN,NaN,NaN
0.75,10.0,2.0,NaN,NaN,NaN
0.8125,0.1,2.0,0.9999999999999999,-0.0004925875489570512,0.1142846918478709
0.8125,0.1778279410038923,2.0,0.6971081761133926,-0.0004434847521798831,0.19643652648429166
0.8125,0.31622776601683794,2.0,0.6866289294882549,-0.007374067692864766,0.3586308321657772
0.8125,0.5623413251903491,2.0,0.7442883671921078,-0.47215579852884265,0.5800954696238555
0.8125,1.0,2.0,0.7264429601894136,-0.8509505705663553,0.6107400210111611
0.8125,1.7782794100389228,2.0,0.74223404522361,-0.9515113547899601,0.8233727604527233
0.8125,3.162277660168379,2.0,0.3148380498864467,-1.466503643222707,0.640398153196965
0.8125,5.623413251903491,2.0,NaN,NaN,NaN
0.8125,10.0,2.0,NaN,NaN,NaN
0.875,0.1,2.0,1.0,-0.0005995467391623797,0.10666509170354246
0.875,0.1778279410038923,2.0,0.672491026320217,-0.0004449266444482233,0.18991127007341524
0.875,0.31622776601683794,2.0,0.6710586130462991,-0.006214544152003731,0.3437735892861922
0.875,0.5623413251903491,2.0,0.6438032420683053,-0.6366697901687893,0.5695461858021789
0.875,1.0,2.0,0.7424637285906407,-0.9137006372951264,0.726340666712307
0.875,1.7782794100389228,2.0,0.7509569130187691,-0.9417883873310391,0.8078648478208814
0.875,3.162277660168379,2.0,0.3178648119563401,-1.5266926085885046,0.598296443345076
0.875,5.623413251903491,2.0,NaN,NaN,NaN
0.875,10.0,2.0,NaN,NaN,NaN
0.9375,0.1,2.0,1.0,-0.0006018104137042796,0.10322418191966976
0.9375,0.1778279410038923,2.0,1.0,-0.00048706886738985266,0.18555783348549293
0.9375,0.31622776601683794,2.0,1.0,-0.0005942072432047997,0.32642386598807654
0.9375,0.5623413251903491,2.0,0.7765624573270024,-0.7393397940516839,0.5584711722281261
0.9375,1.0,2.0,0.6025874312336269,-0.9245353412282277,0.7195454997734871
0.9375,1.7782794100389228,2.0,0.9896895032007076,-0.045467637766554554,0.48466394758742054
0.9375,3.162277660168379,2.0,0.3134971952515479,-1.4676886304352887,0.6408142967152791
0.9375,5.623413251903491,2.0,NaN,NaN,NaN
0.9375,10.0,2.0,NaN,NaN,NaN
1.0,0.1,2.0,0.641309885868167,-0.0005423281753133199,0.09999902672165395
1.0,0.1778279410038923,2.0,0.07418088401182404,-0.0006736773260228888,0.17782428154411536
1.0,0.31622776601683794,2.0,0.895805929138275,-0.00047001738495298847,0.3162262921409653
1.0,0.5623413251903491,2.0,0.6026192150660463,-0.8594714009216237,0.5465709948846714
1.0,1.0,2.0,0.6350633471944913,-0.9623091126324912,0.7132418059189751
1.0,1.7782794100389228,2.0,0.9895825624906585,-0.045509717762475754,0.48468166733067597
1.0,3.162277660168379,2.0,0.3130760667646933,-1.4709985172031874,0.6387057698198881
1.0,5.623413251903491,2.0,NaN,NaN,NaN
1.0,10.0,2.0,NaN,NaN,NaN
0.5,0.1,3.0,1.0000000000000002,-0.00038117514520715634,0.16666546376924407
0.5,0.1778279410038923,3.0,1.0000000000000002,-0.0003768018894227473,0.29637796239906583
0.5,0.31622776601683794,3.0,1.0000000000000002,-0.00037447891152574586,0.527043155873639
0.5,0.5623413251903491,3.0,1.0000000000000002,-0.0003737663335467094,0.9372292537599171
0.5,1.0,3.0,1.0000000000000002,-0.00037116894076342426,1.6666547864000936
0.5,1.7782794100389228,3.0,0.9064846289472915,-0.00032263112033261506,2.944775119056725
0.5,3.162277660168379,3.0,0.8760031861249706,-0.00032095286387998767,5.176437740538576
0.5,5.623413251903491,3.0,0.8461295778185333,-0.00034899649671397043,9.123925061686593
0.5,10.0,3.0,1.0000000000000002,-0.00037094386944215595,16.666572886473705
0.5625,0.1,3.0,1.0000000000000002,-0.0003827005038554358,0.15384514004161337
0.5625,0.1778279410038923,3.0,1.0000000000000002,-0.00037866209363141836,0.27357954732389783
0.5625,0.31622776601683794,3.0,1.0000000000000002,-0.00037465874811685665,0.4865014635192988
0.5625,0.5623413251903491,3.0,1.0000000000000002,-0.0003739931595599734,0.8651346353709672
0.5625,1.0,3.0,1.0000000000000002,-0.00037304181543904036,1.5384511725016996
0.5625,1.7782794100389228,3.0,1.0000000000000002,-0.00037064788956377626,2.7357952957671654
0.5625,3.162277660168379,3.0,0.8764217021420966,-0.0003132649711558995,4.800207445260006
0.5625,5.623413251903491,3.0,0.8467774539886616,-0.00033587468495941027,8.471805081465721
0.5625,10.0,3.0,1.0000000000000002,-0.00037178873776241004,15.38451474051993
0.625,0.1,3.0,1.0000000000000002,-0.00038461950804049064,0.1428561583590177
0.625,0.1778279410038923,3.0,1.0000000000000002,-0.0003775068127021848,0.25403814565974586
0.625,0.31622776601683794,3.0,1.0000000000000002,-0.00037537077192345694,0.45175111540697627
0.625,0.5623413251903491,3.0,1.0000000000000002,-0.0003732320972691392,0.8033400602391495
0.625,1.0,3.0,1.0000000000000002,-0.0003709452017285777,1.4285609544279725
0.625,1.7782794100389228,3.0,0.9045228267250686,-0.00032369096652868474,2.534746916649035
0.625,3.162277660168379,3.0,1.0000000000000002,-0.00037114261090510193,4.517512213760964
0.625,5.623413251903491,3.0,1.0000000000000002,-0.0003715355462286523,8.033397640769666
0.625,10.0,3.0,1.0000000000000002,-0.00037184884037889867,14.285620147851596
0.6875,0.1,3.0,1.0000000000000002,-0.0003836456321130933,0.13333232457267796
0.6875,0.1778279410038923,3.0,1.0000000000000002,-0.0003787747954214502,0.23710249514129259
0.6875,0.31622776601683794,3.0,1.0000000000000002,-0.0003760036644664522,0.4216342355972863
0.6875,0.5623413251903491,3.0,1.0000000000000002,-0.00037331910657784686,0.749784162348749
0.6875,1.0,3.0,1.0000000000000002,-0.0003724630682234564,1.333325330279708
0.6875,1.7782794100389228,3.0,1.0000000000000002,-0.0003716156022979703,2.3710258082323894
0.6875,3.162277660168379,3.0,1.0000000000000002,-0.00037132562407292494,4.216346030414571
0.6875,5.623413251903491,3.0,1.0000000000000002,-0.0003716488544270017,7.497837119734232
0.6875,10.0,3.0,1.0000000000000002,-0.00037097476385467405,13.333257763682282
0.75,0.1,3.0,1.0000000000000002,-0.00038460850482893835,0.12499905574538765
0.75,0.1778279410038923,3.0,1.0000000000000002,-0.0003792099870246403,0.22228359987477658
0.75,0.31622776601683794,3.0,1.0000000000000002,-0.0003747423678137616,0.3952818499918363
0.75,0.5623413251903491,3.0,1.0000000000000002,-0.0003744000818921164,0.7029219532852854
0.75,1.0,3.0,1.0000000000000002,-0.00037232732538984537,1.2499928492338415
0.75,1.7782794100389228,3.0,1.0000000000000002,-0.00037098283876494607,2.222833532083989
0.75,3.162277660168379,3.0,1.0000000000000002,-0.00037125716153689475,3.952820204355975
0.75,5.623413251903491,3.0,1.0000000000000002,-0.0003707514815908118,7.029221360641948
0.75,10.0,3.0,1.0000000000000002,-0.00037098083503876755,12.499929417100692
0.8125,0.1,3.0,1.0000000000000002,-0.0003866721469690581,0.11764634061090413
0.8125,0.1778279410038923,3.0,1.0000000000000002,-0.00037897558190636514,0.2092078121861943
0.8125,0.31622776601683794,3.0,1.0000000000000002,-0.00037674011510784386,0.37203014795069
0.8125,0.5623413251903491,3.0,1.0000000000000002,-0.00037259902023251715,0.6615732428332586
0.8125,1.0,3.0,1.0000000000000002,-0.0003720133217695599,1.176462906876489
0.8125,1.7782794100389228,3.0,1.0000000000000002,-0.00037223190643729967,2.0920803188016213
0.8125,3.162277660168379,3.0,0.8762242439536735,-0.0003239783018448409,3.7090600754563394
0.8125,5.623413251903491,3.0,1.0000000000000002,-0.00036991668504070426,6.615731986731814
0.8125,10.0,3.0,1.0000000000000002,-0.00037073493220310703,11.764631773752665
0.875,0.1,3.0,1.0000000000000002,-0.00038817780359075955,0.11111034955642068
0.875,0.1778279410038923,3.0,1.0,-0.00037909260140594906,0.19758512493345443
0.875,0.31622776601683794,3.0,1.0000000000000002,-0.00037608096025430277,0.3513620507693084
0.875,0.5623413251903491,3.0,1.0,-0.000372898310897441,0.6248192507411605
0.875,1.0,3.0,1.0000000000000002,-0.0003725824751888832,1.111104658488041
0.875,1.7782794100389228,3.0,1.0,-0.000372772954865236,1.97585271698225
0.875,3.162277660168379,3.0,1.0000000000000002,-0.00037230223299093636,3.513618466570351
0.875,5.623413251903491,3.0,1.0,-0.0003711276033247468,6.2482017211865
0.875,10.0,3.0,1.0,-0.0003710034671500572,11.111048396356558
0.9375,0.1,3.0,1.0,-0.000388030426749666,0.10526241647967795
0.9375,0.1778279410038923,3.0,1.0,-0.0003809244201524264,0.18718615365996671
0.9375,0.31622776601683794,3.0,0.9999999999999998,-0.00037640511923723663,0.3328693449502866
0.9375,0.5623413251903491,3.0,1.0,-0.00037355639672680997,0.5919343354190791
0.9375,1.0,3.0,0.9999999999999968,-0.000372098185073611,1.0526245728610035
0.9375,1.7782794100389228,3.0,0.9999999999999961,-0.00037270806805334716,1.871860683288145
0.9375,3.162277660168379,3.0,0.9999999999999907,-0.00037208373138934557,3.3286919526041507
0.9375,5.623413251903491,3.0,0.9999999999999748,-0.0003713101294762024,5.919347514127463
0.9375,10.0,3.0,0.9999999999999508,-0.00037025255689918763,10.526241135133912
1.0,0.1,3.0,0.8897244452084722,-0.00040081245082826714,0.09999924296050788
1.0,0.1778279410038923,3.0,0.8541671412851524,-0.00042483023187617496,0.17782652720359593
1.0,0.31622776601683794,3.0,0.8098782346123716,-0.00042085082819311246,0.3162253614717654
1.0,0.5623413251903491,3.0,0.762169063850678,-0.00041315207688075054,0.5623371796883695
1.0,1.0,3.0,0.5406287310488833,-0.0004261419569228092,0.999991028893416
1.0,1.7782794100389228,3.0,0.7615483229160627,-0.0004176384399032955,1.7782644405633146
1.0,3.162277660168379,3.0,0.8315767040082549,-0.0004065710574860331,3.162253151191668
1.0,5.623413251903491,3.0,0.8606765244769206,-0.0004139554631650532,5.623367944455827
1.0,10.0,3.0,0.8280586620594765,-0.0004150723276199527,9.999928319552415
0.5,0.1,4.0,1.0,-0.00030501313247326963,0.17777673916110126
0.5,0.1778279410038923,4.0,1.0,-0.0002992593417105647,0.31613682918574343
0.5,0.31622776601683794,4.0,1.0,-0.0002961791750645563,0.5621799916580834
0.5,0.5623413251903491,4.0,0.9464474468962248,-0.0010842631901627898,0.9997177183164063
0.5,1.0,4.0,0.8319924518059781,-0.016076206709273618,1.7558260279713216
0.5,1.7782794100389228,4.0,0.8440393665976941,-0.00022275780609895646,2.8853491507241604
0.5,3.162277660168379,4.0,0.7822961221208942,-0.07669649769798935,4.62837578602387
0.5,5.623413251903491,4.0,0.6321864883519559,-0.8611549602681459,6.9817191442368705
0.5,10.0,4.0,0.4851934314955719,-0.3380636391148286,12.641193054508964
0.5625,0.1,4.0,1.0,-0.0003072262817443479,0.1620245829403659
0.5625,0.1778279410038923,4.0,1.0,-0.00030103867022827067,0.28812524240160975
0.5625,0.31622776601683794,4.0,1.0,-0.0002975284538566286,0.5123672063691301
0.5625,0.5623413251903491,4.0,1.0,-0.0002944841622360429,0.9111307891587486
0.5625,1.0,4.0,0.7951462955632811,-0.06537468111264076,1.6194948687993478
0.5625,1.7782794100389228,4.0,0.8466482354361708,-0.00022403664659982766,2.708820204226014
0.5625,3.162277660168379,4.0,0.7757602348456427,-0.06571406200094289,4.410783807194632
0.5625,5.623413251903491,4.0,0.6215489624034718,-0.8967753686360211,6.6819184513711285
0.5625,10.0,4.0,0.42891187349675003,-0.00026951901642673006,11.4952376489502
0.625,0.1,4.0,1.0,-0.00032810875055202333,0.14736778163624098
0.625,0.1778279410038923,4.0,1.0,-0.00030115103110669696,0.2646729205672888
0.625,0.31622776601683794,4.0,1.0,-0.00029758370223939074,0.47066246112433713
0.625,0.5623413251903491,4.0,1.0,-0.0002946815080595993,0.8369684615719403
0.625,1.0,4.0,0.8846449609796325,-0.010008921634528125,1.499711338213988
0.625,1.7782794100389228,4.0,0.8221307663011245,-0.017438312244723676,2.547660385691957
0.625,3.162277660168379,4.0,0.7687277379194956,-0.045915429555966045,4.206456578989316
0.625,5.623413251903491,4.0,0.6065743073591974,-1.113697049523278,6.49726710103171
0.625,10.0,4.0,0.4120606119784214,-0.0002774613332376525,11.24883051309756
0.6875,0.1,4.0,1.0,-0.00030888060748147835,0.13763360904668584
0.6875,0.1778279410038923,4.0,1.0,-0.0003014055806098183,0.24475102969637577
0.6875,0.31622776601683794,4.0,1.0,-0.00029799907365281173,0.4352362568388925
0.6875,0.5623413251903491,4.0,1.0,-0.00029541700727229455,0.7739714389493463
0.6875,1.0,4.0,0.8549009369916274,-0.003631313328803081,1.3862272920194156
0.6875,1.7782794100389228,4.0,0.8498448931560263,-0.000224531769598241,2.4000584380776697
0.6875,3.162277660168379,4.0,0.7077778740891263,-0.031479088654579865,4.015628073782709
0.6875,5.623413251903491,4.0,0.5847026956556408,-1.176082250771624,6.276376373731426
0.6875,10.0,4.0,0.3938983998784843,-0.0003345863644310527,11.015493363083596
0.75,0.1,4.0,1.0,-0.00031018948667680524,0.1279992365532651
0.75,0.1778279410038923,4.0,1.0,-0.0003022334744837074,0.22761846895931315
0.75,0.31622776601683794,4.0,1.0,-0.0002988454739453687,0.4047700481730695
0.75,0.5623413251903491,4.0,1.0,-0.0002960972617331325,0.7197944195131587
0.75,1.0,4.0,0.8924505673104984,-0.0002352997823690589,1.2880748357317715
0.75,1.7782794100389228,4.0,0.823817987645157,-0.01843743116708729,2.2645311963303127
0.75,3.162277660168379,4.0,0.7514721135199527,-0.022721298509049213,3.83655135829951
0.75,5.623413251903491,4.0,0.5936619673863074,-1.0138430388767374,6.089109698758339
0.75,10.0,4.0,0.35051201986796515,-0.056200686034856256,10.793785970774554
0.8125,0.1,4.0,1.0,-0.000312328906321445,0.11962559903582891
0.8125,0.1778279410038923,4.0,1.0,-0.00030391514535187694,0.21272789722894467
0.8125,0.31622776601683794,4.0,1.0,-0.00029905969751675297,0.37828982486799756
0.8125,0.5623413251903491,4.0,1.0,-0.0003164169764439451,0.6700204956185052
0.8125,1.0,4.0,0.8811490763028719,-0.00023875714515434577,1.1991370764079476
0.8125,1.7782794100389228,4.0,0.8823744900290599,-0.0002354170997821328,2.1448360861798617
0.8125,3.162277660168379,4.0,0.7691588745175215,-0.024785129225736814,3.71416755327061
0.8125,5.623413251903491,4.0,0.6572177213819995,-0.5726908799255993,6.05561403473836
0.8125,10.0,4.0,0.464478634594153,-0.016391692405719544,11.193899978799623
0.875,0.1,4.0,1.0,-0.000313527126945344,0.11228014736458508
0.875,0.1778279410038923,4.0,1.0,-0.00032306942255336377,0.19916604561996704
0.875,0.31622776601683794,4.0,1.0,-0.0002984506587221906,0.35506073109601055
0.875,0.5623413251903491,4.0,1.0,-0.00029641383582340483,0.6313980800247929
0.875,1.0,4.0,1.0,-0.0003151169435666425,1.11999555325986
0.875,1.7782794100389228,4.0,0.8727590584745318,-0.0010727097462266747,1.7133289112848558
0.875,3.162277660168379,4.0,0.8468193666419577,-0.002913439369712081,3.566460292641825
0.875,5.623413251903491,4.0,0.7582054467716464,-0.5748653091757279,5.852481443530829
0.875,10.0,4.0,0.6691532811174807,-0.00946573245776775,10.962076570413672
0.9375,0.1,4.0,0.9999999999932087,-0.00031536214715501,0.10578467708034377
0.9375,0.1778279410038923,4.0,0.9999999999998501,-0.0003243924985858573,0.18789263594149969
0.9375,0.31622776601683794,4.0,0.99999999999171,-0.0002989214091295171,0.3345201812052335
0.9375,0.5623413251903491,4.0,0.9999999999450573,-0.00029589472678669853,0.5948701180287337
0.9375,1.0,4.0,0.9999999999215594,-0.0002945546670542994,1.0578465904032457
0.9375,1.7782794100389228,4.0,0.8223338240180422,-0.0014521126053087675,1.8759148440107853
0.9375,3.162277660168379,4.0,0.8493864855720964,-0.0019346891931826707,3.3858494096337037
0.9375,5.623413251903491,4.0,0.7363093289402396,-0.5175782377148113,5.606408402248179
0.9375,10.0,4.0,0.6144984697400686,-0.06799347245850904,10.459024177592452
1.0,0.1,4.0,0.3390915913118738,-0.0005989670904623501,0.09999877626006692
1.0,0.1778279410038923,4.0,0.3042734079675928,-0.0005910668210478132,0.17782529441997122
1.0,0.31622776601683794,4.0,0.2333627685615269,-0.0005117728295841534,0.31622487459065524
1.0,0.5623413251903491,4.0,0.22682471650981598,-0.0005196913908075399,0.5623338770749496
1.0,1.0,4.0,0.303812586916333,-0.0004530457499238269,0.9999950084921424
1.0,1.7782794100389228,4.0,0.23121974444469157,-0.00038751923760369205,1.7782683157780863
1.0,3.162277660168379,4.0,0.28914427500539464,-0.0003859197411163794,3.220986997230008
1.0,5.623413251903491,4.0,0.20668677153364992,-0.4754165616168841,5.402893297202494
1.0,10.0,4.0,0.0539308925183115,-0.0004394285753377047,9.999907201569538
0.5,0.1,5.0,1.0,-0.00042520311883284106,0.1599988284601715
0.5,0.1778279410038923,5.0,0.861594427332154,-0.018665488455001215,0.28452586322468976
0.5,0.31622776601683794,5.0,0.7978901294180564,-0.04032884312453663,0.503332598516446
0.5,0.5623413251903491,5.0,0.7549209888444989,-0.0002767603283023264,0.8743136001232025
0.5,1.0,5.0,0.9005232782532333,-0.001783078413289374,1.490470438946714
0.5,1.7782794100389228,5.0,0.8205704211390314,-0.010001789843966116,1.9158282748505706
0.5,3.162277660168379,5.0,0.7828543537611086,-0.062778688301397,2.584346986952103
0.5,5.623413251903491,5.0,0.716375147263411,-1.0034120316123787,2.77302604200821
0.5,10.0,5.0,0.9982056594930409,-0.01987843222042776,0.9673170598183315
0.5625,0.1,5.0,1.0,-0.00042542017064268464,0.14883602172469124
0.5625,0.1778279410038923,5.0,1.0,-0.00042071192801266285,0.2646721082398183
0.5625,0.31622776601683794,5.0,0.8849455751090162,-0.0003518506798503852,0.4694201039756974
0.5625,0.5623413251903491,5.0,0.7907110250355966,-0.0003063395770283848,0.8188912056762709
0.5625,1.0,5.0,0.8145263859048573,-0.0002828492727790418,1.4242624811345992
0.5625,1.7782794100389228,5.0,0.8817736298784963,-0.007025319708272006,1.8716775627132431
0.5625,3.162277660168379,5.0,0.8435960517403791,-0.07860872290297756,2.489823077152077
0.5625,5.623413251903491,5.0,0.734130256375974,-0.9971196733756464,2.718639681499142
0.5625,10.0,5.0,0.5715867968111119,-1.4230580535319284,3.443276869193025
0.625,0.1,5.0,1.0,-0.0004267754257391829,0.139129412459695
0.625,0.1778279410038923,5.0,1.0,-0.00042103911789381543,0.24741085464013782
0.625,0.31622776601683794,5.0,0.881356475567901,-0.00035454523156347635,0.43951760875038326
0.625,0.5623413251903491,5.0,1.0,-0.000416919401338585,0.7823824040435621
0.625,1.0,5.0,0.8477730890981305,-0.00029889668990530627,1.3625957610664343
0.625,1.7782794100389228,5.0,0.7882795358981929,-0.007480138222437126,1.8306767602608014
0.625,3.162277660168379,5.0,0.8442012932750097,-0.3486186986626114,2.371729076782291
0.625,5.623413251903491,5.0,0.7343021297934414,-0.989801699194432,2.7483283532887586
0.625,10.0,5.0,0.9982060397545355,-0.019844165160779456,0.9673147399356338
0.6875,0.1,5.0,1.0,-0.0004288552172304051,0.13061108547085554
0.6875,0.1778279410038923,5.0,1.0,-0.0004233369010872686,0.23226300516790982
0.6875,0.31622776601683794,5.0,0.8775817324155822,-0.0003544955194319195,0.412991126330331
0.6875,0.5623413251903491,5.0,0.781117194709693,-0.00031002433790415973,0.7278030658653224
0.6875,1.0,5.0,0.7662916946832533,-0.022103504397696844,1.303426926265026
0.6875,1.7782794100389228,5.0,0.9622806099189972,-0.011478048122282843,1.7956109738775181
0.6875,3.162277660168379,5.0,0.8156549507359759,-0.5637987996912767,2.2311877838696903
0.6875,5.623413251903491,5.0,0.7253777597167472,-1.0067313497848043,2.6904499171584457
0.6875,10.0,5.0,0.582540284954954,-1.40294211275518,3.1764929059011706
0.75,0.1,5.0,1.0,-0.0004295438211699084,0.12307586989429899
0.75,0.1778279410038923,5.0,1.0,-0.00042249097012097056,0.21886354188859783
0.75,0.31622776601683794,5.0,0.8737305778031589,-0.0003554144648061653,0.3893336139919219
0.75,0.5623413251903491,5.0,0.8434634773712979,-0.00035314913071732713,0.6879552895375717
0.75,1.0,5.0,0.8327912110310189,-0.0002855461113661753,1.2422939111741271
0.75,1.7782794100389228,5.0,0.9653247352765886,-0.01749547010228103,1.756400297031596
0.75,3.162277660168379,5.0,0.7267271703553757,-0.6556760544588336,2.149242715798098
0.75,5.623413251903491,5.0,0.7113985775601286,-1.0154889686077406,2.650528480394165
0.75,10.0,5.0,0.6689555113064574,-0.7635174993988171,2.3195162757595273
0.8125,0.1,5.0,1.0,-0.00043030128185980705,0.11636265167706017
0.8125,0.1778279410038923,5.0,1.0,-0.0004228461062529059,0.20692556233047998
0.8125,0.31622776601683794,5.0,1.0,-0.00041847105943422405,0.36797115835307864
0.8125,0.5623413251903491,5.0,1.0,-0.00041817646964722175,0.6543554986998509
0.8125,1.0,5.0,0.8162305867371735,-0.0002786901687442479,1.1848554289923015
0.8125,1.7782794100389228,5.0,0.9677409215098204,-0.04558911930969009,1.7175883854955858
0.8125,3.162277660168379,5.0,0.8350440804045641,-0.6802938477114481,2.131120146410061
0.8125,5.623413251903491,5.0,0.696708234706028,-1.0152580789736958,2.6380466287726008
0.8125,10.0,5.0,0.9980550970245146,-0.029459500397723083,0.9674188547204505
0.875,0.1,5.0,1.0,-0.00043110421941173295,0.11034388460793729
0.875,0.1778279410038923,5.0,1.0,-0.0004224575233317575,0.19622233608690792
0.875,0.31622776601683794,5.0,1.0,-0.00041948504909070257,0.3489384349876114
0.875,0.5623413251903491,5.0,0.761666770493663,-0.0003067209237948595,0.619632539882279
0.875,1.0,5.0,0.9463929514619233,-0.00031777194269045126,1.1363438145485847
0.875,1.7782794100389228,5.0,0.875206994378817,-0.2577323641088596,1.6826202705956348
0.875,3.162277660168379,5.0,0.8288864723852761,-0.7037686653754721,2.1137209472758753
0.875,5.623413251903491,5.0,0.6840537464498202,-1.0168484622540774,2.5745152388981656
0.875,10.0,5.0,0.6246544515201411,-1.3284456019196402,2.888424174638243
0.9375,0.1,5.0,1.0,-0.0004303796812495859,0.10491720976607469
0.9375,0.1778279410038923,5.0,1.0,-0.00042511254988791727,0.18657190551929223
0.9375,0.31622776601683794,5.0,1.0,-0.0004208231314120266,0.33177737203827307
0.9375,0.5623413251903491,5.0,0.8365925734964205,-0.000617293126262529,0.5894860922659718
0.9375,1.0,5.0,0.9247629608812947,-0.0003077940528888354,1.078270736339642
0.9375,1.7782794100389228,5.0,0.9252145679627278,-0.4095660781051087,1.6525183965485664
0.9375,3.162277660168379,5.0,0.8180373126329822,-0.7301847862315941,2.0926262781047673
0.9375,5.623413251903491,5.0,0.8332257258413021,-0.3150269050474203,2.832067637600797
0.9375,10.0,5.0,0.6675879307462369,-1.080742123337481,2.7157074534080987
1.0,0.1,5.0,0.14914937088481026,-0.0006440777072167152,0.09999845246774673
1.0,0.1778279410038923,5.0,0.016306222814420825,-0.0007935290901971115,0.17782366930428603
1.0,0.31622776601683794,5.0,0.3746917059643099,-0.0005104184618380996,0.3162249093287718
1.0,0.5623413251903491,5.0,0.037287778357466286,-0.0005995727526578564,0.5623319365782222
1.0,1.0,5.0,0.5330782425541993,-0.5898079966818802,1.0149878537217902
1.0,1.7782794100389228,5.0,0.668849611419641,-0.5307621243846132,1.6207534784279953
1.0,3.162277660168379,5.0,0.6171712696078218,-0.7528805610332245,2.0717731113938447
1.0,5.623413251903491,5.0,0.5503289241518461,-0.9716613484964635,2.4808520224556054
1.0,10.0,5.0,0.6328676483852622,-1.3109942413294784,2.790759171874106
0.5,0.1,6.0,0.9999999999999999,-0.0004891453933290875,0.14999865275316276
0.5,0.1778279410038923,6.0,0.851313980535379,-0.00038945129663970344,0.2676190886493103
0.5,0.31622776601683794,6.0,0.8051315658336595,-0.0003288741918484754,0.46707043945164134
0.5,0.5623413251903491,6.0,0.8156577854587436,-0.017824268585090515,0.806295963054772
0.5,1.0,6.0,0.7716996001452654,-0.0004901034970753079,1.2573048466719448
0.5,1.7782794100389228,6.0,0.7807800581339484,-0.04563620783096436,1.8013693233367725
0.5,3.162277660168379,6.0,0.7933401972226348,-0.05386558502407165,3.6989142292544748
0.5,5.623413251903491,6.0,0.9331071344116406,-0.29514704500010785,8.026949265302974
0.5,10.0,6.0,NaN,NaN,NaN
0.5625,0.1,6.0,0.9999999999999999,-0.0004898188885374937,0.1411750481446812
0.5625,0.1778279410038923,6.0,0.8371181864842008,-0.00039166371570773445,0.25181351228751114
0.5625,0.31622776601683794,6.0,0.7847014455557445,-0.00033216234008372946,0.44252710775920256
0.5625,0.5623413251903491,6.0,0.8838463260543367,-0.0002939555630873903,0.7674016592152282
0.5625,1.0,6.0,0.6834354491285387,-0.06476171366285306,1.204695679336652
0.5625,1.7782794100389228,6.0,0.7336032180936306,-0.07364332270703698,1.7772767292386602
0.5625,3.162277660168379,6.0,0.8864586536684258,-0.0025489507714510145,4.060175022467347
0.5625,5.623413251903491,6.0,0.6814072680213551,-0.08832398243715651,5.873988636724863
0.5625,10.0,6.0,NaN,NaN,NaN
0.625,0.1,6.0,0.9999999999999999,-0.0004921314783394971,0.13333211579031515
0.625,0.1778279410038923,6.0,0.822392123423544,-0.00039371201071909933,0.2376184512240132
0.625,0.31622776601683794,6.0,0.7623600955705161,-0.0003340594434469633,0.41960799271985894
0.625,0.5623413251903491,6.0,0.8714363189382466,-0.007433603871009252,0.7310263508027784
0.625,1.0,6.0,0.6626249169638496,-0.039740233642951886,1.1755735349158287
0.625,1.7782794100389228,6.0,0.8081319550292414,-0.030531135935878796,1.9415078231789065
0.625,3.162277660168379,6.0,0.8660643512562141,-0.2643094007751727,2.3821005657307164
0.625,5.623413251903491,6.0,0.6276118243855597,-0.7339619117087013,6.048930982158454
0.625,10.0,6.0,0.5078404917828642,-1.3009010228449083,4.933439616693785
0.6875,0.1,6.0,0.9999999999999999,-0.0004908580415077309,0.1263145447612999
0.6875,0.1778279410038923,6.0,0.8073942034110959,-0.0003945170363368106,0.2248562843741907
0.6875,0.31622776601683794,6.0,0.7384513155692018,-0.0003354969280523266,0.39831516033249464
0.6875,0.5623413251903491,6.0,0.9085948011976606,-0.01458175141922186,0.7014117579107821
0.6875,1.0,6.0,0.7536089564022367,-0.0005267432290230889,1.1449315947426766
0.6875,1.7782794100389228,6.0,0.7406626363187792,-0.045238117902859185,1.7292416880289836
0.6875,3.162277660168379,6.0,0.7883678811095853,-0.002900498628251471,3.385251430485514
0.6875,5.623413251903491,6.0,0.6752094391640557,-0.00722208299563694,5.737614463776448
0.6875,10.0,6.0,0.5477506073096482,-1.2039890760703482,5.421837457973185
0.75,0.1,6.0,0.9999999999999999,-0.0004931189553802526,0.11999869435118274
0.75,0.1778279410038923,6.0,0.7927576755843484,-0.023865050719589775,0.21339355138258756
0.75,0.31622776601683794,6.0,0.713484296432213,-0.00033714157856407615,0.37864665353898896
0.75,0.5623413251903491,6.0,0.8906158530641666,-0.0026741758720448035,0.6762430552682093
0.75,1.0,6.0,0.6971686616196432,-0.07251459621701857,1.1154288540929205
0.75,1.7782794100389228,6.0,0.7678564446163567,-0.034010864029678615,1.8555421461380401
0.75,3.162277660168379,6.0,0.8262213807879961,-0.0017943843894647326,3.3844766437547347
0.75,5.623413251903491,6.0,0.815731271806889,-0.007195226555830694,6.384730045304423
0.75,10.0,6.0,0.546894920838767,-0.8065334702519721,7.746315191264971
0.8125,0.1,6.0,0.9999999999999999,-0.0004937115664400005,0.1142844565437191
0.8125,0.1778279410038923,6.0,0.9999999999999999,-0.0004879592342968905,0.2032295983044769
0.8125,0.31622776601683794,6.0,0.6884238786445572,-0.01413482722785216,0.3606424047176521
0.8125,0.5623413251903491,6.0,0.8665298066887288,-0.07733300850572723,0.6513181152787062
0.8125,1.0,6.0,0.6971404723560387,-0.04151512555336186,1.0869609315446598
0.8125,1.7782794100389228,6.0,0.7767173425869585,-0.04097187284690814,1.758664707939907
0.8125,3.162277660168379,6.0,0.8921635751089506,-0.0017136211235835083,3.311664440378047
0.8125,5.623413251903491,6.0,0.9629141799413824,-0.007184301572642354,6.2418451102843715
0.8125,10.0,6.0,NaN,NaN,NaN
0.875,0.1,6.0,0.9999999999999999,-0.0004932188525929467,0.1090897444323372
0.875,0.1778279410038923,6.0,1.0,-0.0004884430495879053,0.19399189523397548
0.875,0.31622776601683794,6.0,0.7913163579390156,-0.00039297549371419187,0.3446528202697384
0.875,0.5623413251903491,6.0,0.8052279046993022,-0.0003372431811581625,0.6233471164651806
0.875,1.0,6.0,0.7533469880528525,-0.0012531561086605214,1.0594328040902525
0.875,1.7782794100389228,6.0,0.7997501120757221,-0.05143504184344888,1.7013863427762297
0.875,3.162277660168379,6.0,0.892734829073079,-0.0018058030244389818,3.1579376539885557
0.875,5.623413251903491,6.0,0.9124304513126797,-0.006163837418144127,5.79414300371146
0.875,10.0,6.0,0.6712983953680195,-1.154237227897219,3.0383849671391525
0.9375,0.1,6.0,1.0,-0.0004931284696598926,0.10434687616840117
0.9375,0.1778279410038923,6.0,1.0,-0.00048703681878306814,0.18555792097219942
0.9375,0.31622776601683794,6.0,1.0,-0.00048427621661116765,0.32997341174408434
0.9375,0.5623413251903491,6.0,0.7410954794528661,-0.00045533618743115554,0.5908917477518925
0.9375,1.0,6.0,0.7287227027829106,-0.0003929897670564051,1.011437325308093
0.9375,1.7782794100389228,6.0,0.7659364757699347,-0.0014949842010195385,1.3389771062620353
0.9375,3.162277660168379,6.0,0.8551039267555058,-0.0016793325598242557,2.9821982203912922
0.9375,5.623413251903491,6.0,0.6862505933074681,-0.004405112876565656,5.503003150304731
0.9375,10.0,6.0,0.6731755338498284,-0.8685836867196901,7.131316987920885
1.0,0.1,6.0,0.4990441357308841,-0.0006060139517716576,0.09999826379816486
1.0,0.1778279410038923,6.0,0.4875790496640525,-0.0005756005259887538,0.1778261989517608
1.0,0.31622776601683794,6.0,0.4081718207828103,-0.0005639304982610702,0.31622421336759077
1.0,0.5623413251903491,6.0,0.6936358274762212,-0.0004856843569903526,0.5623354043760945
1.0,1.0,6.0,0.5615275450785914,-0.0004664190950540032,1.0066599443831368
1.0,1.7782794100389228,6.0,0.9056621598180165,-0.0008118220191825607,1.5572517655516134
1.0,3.162277660168379,6.0,0.715653425522022,-0.00170248132982316,2.8823880855232287
1.0,5.623413251903491,6.0,0.569991799557856,-0.005214524591895911,5.403250436129403
1.0,10.0,6.0,0.6907811614974018,-0.694507878757182,7.763182017177789
0.5,0.1,7.0,1.0,-0.00032574993896460335,0.17499925026692345
0.5,0.1778279410038923,7.0,1.0,-0.0003197930211120481,0.31119725736084847
0.5,0.31622776601683794,7.0,0.946885605762219,-0.00028698563763317994,0.5541437965453586
0.5,0.5623413251903491,7.0,0.9367264006710198,-0.0002835909279752365,0.9778189914302133
0.5,1.0,7.0,0.877457876687782,-0.0030906027700620593,1.7474361884582235
0.5,1.7782794100389228,7.0,0.8741423611323621,-0.02729126300436936,2.7614363057290836
0.5,3.162277660168379,7.0,0.8260739391319759,-0.5073052931616844,3.8722495346731858
0.5,5.623413251903491,7.0,0.9072890888370052,-0.004009488737724098,4.779349331596797
0.5,10.0,7.0,0.9818116490856533,-0.017109489561002177,6.536477568877032
0.5625,0.1,7.0,1.0,-0.0003268792332497955,0.15999915990105645
0.5625,0.1778279410038923,7.0,1.0,-0.0003209119275578662,0.28452352223145916
0.5625,0.31622776601683794,7.0,0.9377505809807455,-0.0003136162619771151,0.5060576860185888
0.5625,0.5623413251903491,7.0,0.937666458561651,-0.0002853421614566252,0.8966077067849136
0.5625,1.0,7.0,0.8813456712290726,-0.0002286159229210709,1.6024797444700658
0.5625,1.7782794100389228,7.0,0.8629263944230998,-0.034746198366738305,2.620218536650461
0.5625,3.162277660168379,7.0,0.8430642255648615,-0.6089002722923423,3.7480407675922036
0.5625,5.623413251903491,7.0,0.8533157420681446,-0.2959046277349528,4.215059276318304
0.5625,10.0,7.0,0.9048221209860937,-0.5253570920824292,9.009980204218138
0.625,0.1,7.0,1.0,-0.00032870542151797324,0.1473676977707324
0.625,0.1778279410038923,7.0,1.0,-0.000321594633469636,0.26206112774865936
0.625,0.31622776601683794,7.0,1.0,-0.00031800580140300955,0.46601791021278005
0.625,0.5623413251903491,7.0,0.9381067886032762,-0.0002848783232116534,0.8273453860258345
0.625,1.0,7.0,0.8801705954119419,-0.00024378881071948432,1.4739254324345836
0.625,1.7782794100389228,7.0,0.879823711292831,-0.03635396217493234,2.4864849501005875
0.625,3.162277660168379,7.0,0.7909059715033084,-0.6357365070102591,3.629686073917782
0.625,5.623413251903491,7.0,0.8165948590436519,-0.22456206641169812,4.12683828268194
0.625,10.0,7.0,0.9385927843589695,-0.24001919228740828,4.549858546826585
0.6875,0.1,7.0,1.0,-0.0003522423071156207,0.1352103263176559
0.6875,0.1778279410038923,7.0,1.0,-0.00032226689510843196,0.24288591604394863
0.6875,0.31622776601683794,7.0,1.0,-0.00031808861918996586,0.43191875741574676
0.6875,0.5623413251903491,7.0,0.9381158691438657,-0.00028587729128771587,0.7676415568966456
0.6875,1.0,7.0,0.8622683269437056,-0.00023824451755244427,1.366400746939033
0.6875,1.7782794100389228,7.0,0.8564287235776816,-0.055827836829476334,2.359545011462045
0.6875,3.162277660168379,7.0,0.7687221057521946,-0.7662050738607465,3.5176960169597598
0.6875,5.623413251903491,7.0,0.9673207793156149,-0.014323781648803673,3.959361586400808
0.6875,10.0,7.0,0.9448512041636122,-0.3684268695616509,8.488166930705862
0.75,0.1,7.0,1.0,-0.000330470748505654,0.1272721660027662
0.75,0.1778279410038923,7.0,1.0,-0.0003228933453715426,0.2263255193445126
0.75,0.31622776601683794,7.0,1.0,-0.00031767510665244735,0.4024692859766538
0.75,0.5623413251903491,7.0,0.937767951978016,-0.0002852532191918035,0.7157070517834763
0.75,1.0,7.0,0.8397488496487183,-0.00024356346592757164,1.2706750076038302
0.75,1.7782794100389228,7.0,0.8099759131924644,-0.12036285453844804,2.2390165209910853
0.75,3.162277660168379,7.0,0.7042682973718931,-0.00022530769727607217,3.8571816703886044
0.75,5.623413251903491,7.0,0.8214897224978435,-0.12387138204090171,3.953629881945222
0.75,10.0,7.0,0.9673477070665154,-0.23797914762681951,8.249406704906889
0.8125,0.1,7.0,1.0,-0.0003314548469654499,0.11914831394391806
0.8125,0.1778279410038923,7.0,1.0,-0.00032243052514991467,0.2118787684986086
0.8125,0.31622776601683794,7.0,1.0,-0.0003187517591657171,0.3767801330052947
0.8125,0.5623413251903491,7.0,0.9371461251674051,-0.00028697206891720444,0.6701696065390776
0.8125,1.0,7.0,0.9076164470685838,-0.0002851129652488663,1.1880066680345118
0.8125,1.7782794100389228,7.0,0.8491627555328635,-0.14454619865338802,2.124149432923372
0.8125,3.162277660168379,7.0,0.6703521454429515,-0.010942824165197334,3.6399017615585447
0.8125,5.623413251903491,7.0,0.8582112930983603,-0.09331411846478269,3.853273888482834
0.8125,10.0,7.0,0.9545466643402901,-0.10232547095925879,4.393985979648692
0.875,0.1,7.0,1.0,-0.0003328470148806884,0.11199949378723846
0.875,0.1778279410038923,7.0,1.0,-0.00032480546692706397,0.19916634277666498
0.875,0.31622776601683794,7.0,1.0,-0.00031938009210096056,0.35417364205096596
0.875,0.5623413251903491,7.0,1.0,-0.0003156048143367061,0.6298184601154885
0.875,1.0,7.0,0.9083681086828039,-0.0002993821551914019,1.1182217354093085
0.875,1.7782794100389228,7.0,0.783871826464332,-0.2249027614356964,2.0138627101190774
0.875,3.162277660168379,7.0,0.9514378105844299,-0.02584730158771914,2.9875112531305255
0.875,5.623413251903491,7.0,0.9640893870472562,-0.03642177719519156,3.7784110931370143
0.875,10.0,7.0,0.8942758433021863,-0.07836936396325744,4.351535851472733
0.9375,0.1,7.0,0.9999999999969499,-0.0003346249776975028,0.1056598377948413
0.9375,0.1778279410038923,7.0,0.9999999999980427,-0.00032376361309496046,0.18789248821095975
0.9375,0.31622776601683794,7.0,0.9999999999999507,-0.0003191273169480883,0.33412558599192155
0.9375,0.5623413251903491,7.0,0.9999999999984438,-0.0003168558116511811,0.5941695840767598
0.9375,1.0,7.0,0.9999999999869199,-0.00031453194396290914,1.056598102641122
0.9375,1.7782794100389228,7.0,0.7159159545834115,-0.4670594246310426,1.9037147728274486
0.9375,3.162277660168379,7.0,0.6617657130942026,-0.001282958620482666,3.3143094102794075
0.9375,5.623413251903491,7.0,0.9278261792686695,-0.09927770145835324,3.725705530169113
0.9375,10.0,7.0,0.7413373607325727,-0.4767687760990752,4.375588071425789
1.0,0.1,7.0,0.6817490753301567,-0.00040421356494613897,0.09999924545399304
1.0,0.1778279410038923,7.0,0.6064642794651308,-0.0003639894600701004,0.17782722739378692
1.0,0.31622776601683794,7.0,0.7336096964865677,-0.00037151704151567076,0.3162256610401516
1.0,0.5623413251903491,7.0,0.6218253644576739,-0.0003723965064172035,0.5623392524732018
1.0,1.0,7.0,0.6883590386268348,-0.0003745815767480391,0.9999925848786386
1.0,1.7782794100389228,7.0,0.682000129272504,-0.00036406778716755676,1.7782715285053103
1.0,3.162277660168379,7.0,0.2109447197279918,-0.0003795547340392068,3.1622552226920106
1.0,5.623413251903491,7.0,0.08576301038431157,-0.00037957256709929906,5.623379838086918
1.0,10.0,7.0,0.7740051145696226,-0.46368797963174896,4.38573008326911
0.5,0.1,8.0,1.0,-0.00035040207482288057,0.1714276834209192
0.5,0.1778279410038923,8.0,1.0,-0.00034582006886359256,0.30484619330157486
0.5,0.31622776601683794,8.0,1.0,-0.0003410848824450834,0.5421012022724101
0.5,0.5623413251903491,8.0,1.0,-0.00034052718211201517,0.9640091017980579
0.5,1.0,8.0,0.824312488210859,-0.04230272613800998,1.7599255970472616
0.5,1.7782794100389228,8.0,0.8699340227261259,-0.043128370027127286,2.735977510490248
0.5,3.162277660168379,8.0,0.8991784235945778,-0.05542322656474337,3.5374356995048846
0.5,5.623413251903491,8.0,0.888501095416609,-0.1829687873493469,4.160372277523102
0.5,10.0,8.0,0.6623904736567365,-0.9847287250655555,5.653469645706597
0.5625,0.1,8.0,1.0,-0.00035135526901004154,0.15737624173741027
0.5625,0.1778279410038923,8.0,1.0,-0.00034488586233511034,0.27985858634215893
0.5625,0.31622776601683794,8.0,1.0,-0.00034321747119434764,0.497667188195119
0.5625,0.5623413251903491,8.0,1.0,-0.000339509061607077,0.8849903201781066
0.5625,1.0,8.0,0.8799100915366006,-0.01024052626050706,1.6065051422416279
0.5625,1.7782794100389228,8.0,0.8820052787910264,-0.03348610924600468,2.5984797443868906
0.5625,3.162277660168379,8.0,0.863346603700949,-0.20472403168158135,3.4400039782308496
0.5625,5.623413251903491,8.0,0.8875913035378078,-0.1865145418741347,4.070660105894028
0.5625,10.0,8.0,0.671352230922114,-0.9077831958937972,5.529044677125312
0.625,0.1,8.0,1.0,-0.00035315601875772457,0.14545369659607563
0.625,0.1778279410038923,8.0,1.0,-0.0003463084638760684,0.2586575420710314
0.625,0.31622776601683794,8.0,1.0,-0.0003417671983340966,0.45996463164263235
0.625,0.5623413251903491,8.0,1.0,-0.0003397015714509569,0.8179455995288542
0.625,1.0,8.0,0.8209878782710558,-0.019549149425973536,1.4645482395895433
0.625,1.7782794100389228,8.0,0.9263752751496611,-0.02701936904246822,2.4697678958549982
0.625,3.162277660168379,8.0,0.8821857376440283,-0.1733345715114541,3.329029615833568
0.625,5.623413251903491,8.0,0.90744918605378,-0.04328705543546785,3.9592023747265657
0.625,10.0,8.0,0.7359658587038894,-0.003106690210483876,3.8067047168837203
0.6875,0.1,8.0,1.0,-0.00035430421189298135,0.13521046334033013
0.6875,0.1778279410038923,8.0,1.0,-0.0003456703692478218,0.24044178107762443
0.6875,0.31622776601683794,8.0,1.0,-0.00034390713520080326,0.42757320232652496
0.6875,0.5623413251903491,8.0,1.0,-0.000341728163599103,0.7603447337361324
0.6875,1.0,8.0,0.8709657801386476,-0.0010195449535218618,1.3536889289081426
0.6875,1.7782794100389228,8.0,0.9170901470247778,-0.016398147939584835,2.3476006562303082
0.6875,3.162277660168379,8.0,0.9086746449232596,-0.07980417968429777,3.221936362148427
0.6875,5.623413251903491,8.0,0.8353197392794134,-0.031194607781379367,3.9006527602851366
0.6875,10.0,8.0,0.6757365828397661,-0.7475735447436496,5.344245629001707
0.75,0.1,8.0,1.0,-0.0003545356330397005,0.12631514200860694
0.75,0.1778279410038923,8.0,1.0,-0.0003474701384368353,0.22462365444039187
0.75,0.31622776601683794,8.0,1.0,-0.0003426690080360973,0.3994430538958212
0.75,0.5623413251903491,8.0,1.0,-0.0003419909013279452,0.7103220047799298
0.75,1.0,8.0,1.0,-0.0003400531861441494,1.2631518385901912
0.75,1.7782794100389228,8.0,0.8887471256632116,-0.0463492736182275,2.232431572459919
0.75,3.162277660168379,8.0,0.9495584334122915,-0.025427624086342072,3.126442297216427
0.75,5.623413251903491,8.0,0.9087041404888347,-0.02634000063307529,3.8190390532773253
0.75,10.0,8.0,0.835110152108816,-0.0036137360853725734,3.719276144282139
0.8125,0.1,8.0,1.0,-0.00035436981874402483,0.11851768816755254
0.8125,0.1778279410038923,8.0,1.0,-0.0003480588953145666,0.21075800233873354
0.8125,0.31622776601683794,8.0,1.0,-0.00034383885966951375,0.3747866476886771
0.8125,0.5623413251903491,8.0,1.0,-0.00034161172704081033,0.6664752987457516
0.8125,1.0,8.0,1.0,-0.0003397024107959289,1.1851781114949596
0.8125,1.7782794100389228,8.0,0.9095405001379929,-0.08529013579437486,2.123176153738243
0.8125,3.162277660168379,8.0,0.8353262841888993,-0.6673542966814641,3.039794800247625
0.8125,5.623413251903491,8.0,0.8353828270717056,-0.658060815235627,3.881216656483482
0.8125,10.0,8.0,0.6870281460281492,-0.6794590537308832,4.977888727212964
0.875,0.1,8.0,1.0,-0.00035667040149515576,0.11162732293824433
0.875,0.1778279410038923,8.0,1.0,-0.00034778742901868674,0.19850430663047114
0.875,0.31622776601683794,8.0,1.0,-0.0003441685501151598,0.3529967149261406
0.875,0.5623413251903491,8.0,1.0,-0.00034041619357503265,0.6277256445831303
0.875,1.0,8.0,1.0,-0.00033110392926180717,1.116276903855989
0.875,1.7782794100389228,8.0,0.9372936520769559,-0.05213478156452572,2.0193677407204955
0.875,3.162277660168379,8.0,0.9362293020567138,-0.04514750519281117,2.946840441015207
0.875,5.623413251903491,8.0,0.8457401210625443,-0.00666329435464363,3.680670896806947
0.875,10.0,8.0,0.6935043034932176,-0.6388523731682018,4.903784681425764
0.9375,0.1,8.0,1.0,-0.00035771897760163303,0.10549393463726478
0.9375,0.1778279410038923,8.0,1.0,-0.00034939905535330166,0.18759773598932114
0.9375,0.31622776601683794,8.0,1.0,-0.0003444734750405697,0.3336012053565318
0.9375,0.5623413251903491,8.0,1.0,-0.00034182794889934805,0.5932362924648392
0.9375,1.0,8.0,1.0,-0.0003393923678965723,1.0549383003157649
0.9375,1.7782794100389228,8.0,0.909307437006967,-0.38183924257126045,1.917967413122089
0.9375,3.162277660168379,8.0,0.9530026231594588,-0.002998044754161587,2.8614574931352355
0.9375,5.623413251903491,8.0,0.8219717869736882,-0.08152734433338435,3.612559373897888
0.9375,10.0,8.0,0.8405567238725732,-0.00590347878647636,3.6253039101327746
1.0,0.1,8.0,0.6784576756409726,-0.0004475555382231035,0.09999900146082431
1.0,0.1778279410038923,8.0,0.7497511515281703,-0.00037684090919810166,0.17782686823251315
1.0,0.31622776601683794,8.0,0.5659873944471511,-0.00039634107604281634,0.3162257372663322
1.0,0.5623413251903491,8.0,0.6565249611868889,-0.00035512764102347644,0.5623379513503783
1.0,1.0,8.0,0.9562592745179807,-0.0003327038871308695,0.999996470778498
1.0,1.7782794100389228,8.0,0.6447946753567126,-0.8038062339523258,1.809018808514812
1.0,3.162277660168379,8.0,0.6794175318271676,-0.06453982662919583,2.778820629416846
1.0,5.623413251903491,8.0,0.6776139843104214,-0.05266114972143632,3.5469854475527938
1.0,10.0,8.0,0.49794167415666796,-0.5419951824211023,4.608457884041257
0.5,0.1,9.0,1.0,-0.0004261681769966588,0.15999863635128866
0.5,0.1778279410038923,9.0,1.0,-0.00042055938873662024,0.28452261637443255
0.5,0.31622776601683794,9.0,0.8882546933028482,-0.00035130262269542924,0.503331117584007
0.5,0.5623413251903491,9.0,0.8811677784843148,-0.00031082065772921995,0.9025906135879214
0.5,1.0,9.0,0.8273962523135455,-0.0002979582577666308,1.4742367714809856
0.5,1.7782794100389228,9.0,0.6871826374269481,-0.00031462168633449337,2.3943220057741117
0.5,3.162277660168379,9.0,0.5725292364824418,-0.4115708104819891,3.9439420106490233
0.5,5.623413251903491,9.0,0.2994660605604469,-0.8033386426695251,6.243090158658133
0.5,10.0,9.0,NaN,-0.0008404771675684209,9.999734666872817
0.5625,0.1,9.0,1.0,-0.0004260163970029118,0.14883611259561003
0.5625,0.1778279410038923,9.0,0.9999999999999999,-0.0004848769578843373,0.2510489509666074
0.5625,0.31622776601683794,9.0,0.8324845072938767,-0.00039179728897929193,0.44807358375421824
0.5625,0.5623413251903491,9.0,0.7877834735881009,-0.0003069342048071583,0.8245619269417774
0.5625,1.0,9.0,0.6913473425349551,-0.00025105852304405855,1.3911595620247923
0.5625,1.7782794100389228,9.0,0.5641045184132413,-0.0002436834462228836,2.248015931157069
0.5625,3.162277660168379,9.0,0.522246027678072,-0.3557764212642442,3.813890396018961
0.5625,5.623413251903491,9.0,0.35124475028912383,-0.646330447981981,6.142174364548754
0.5625,10.0,9.0,0.22464217902960726,-1.4468945931300055,10.763147536789555
0.625,0.1,9.0,1.0,-0.0004267974461807378,0.13912940649075792
0.625,0.1778279410038923,9.0,1.0,-0.00042269400651660143,0.24741065624789627
0.625,0.31622776601683794,9.0,0.7054963377967195,-0.0003331159779638341,0.4172970052529814
0.625,0.5623413251903491,9.0,1.0,-0.0004171062663813796,0.7823821610848131
0.625,1.0,9.0,0.9034289000628065,-0.0003505238415679842,1.3926338873499635
0.625,1.7782794100389228,9.0,0.5509350454350084,-0.0002486734906102599,2.1726338633900735
0.625,3.162277660168379,9.0,0.5522861209349156,-0.42040748914405174,3.7384572229488096
0.625,5.623413251903491,9.0,0.3179219376305097,-1.2872970965826969,6.285804051352398
0.625,10.0,9.0,0.20151140486651575,-1.5259407557913716,10.574053954960114
0.6875,0.1,9.0,1.0,-0.0004283866272179278,0.13061113826659845
0.6875,0.1778279410038923,9.0,1.0,-0.0004217901819075904,0.23226332296492952
0.6875,0.31622776601683794,9.0,1.0,-0.00042012261158408203,0.4130286166319407
0.6875,0.5623413251903491,9.0,0.7617082035597929,-0.0011124922880297952,0.7280784491334722
0.6875,1.0,9.0,0.8386347023269028,-0.00035220303181191903,1.2827349923302496
0.6875,1.7782794100389228,9.0,0.7407750563558777,-0.00035057047400458593,2.221924502992859
0.6875,3.162277660168379,9.0,0.727660844505563,-0.0003493911238272417,3.9409850296696747
0.6875,5.623413251903491,9.0,0.2964247345602501,-0.8852319206722165,6.036811870542948
0.6875,10.0,9.0,0.16880739796840658,-0.00038038838825989706,10.235848318891911
0.75,0.1,9.0,0.9999999999999999,-0.000491215036994201,0.119998883414669
0.75,0.1778279410038923,9.0,1.0,-0.00042378511526707007,0.21886321042133378
0.75,0.31622776601683794,9.0,1.0,-0.0004203926650485062,0.38920001500993456
0.75,0.5623413251903491,9.0,0.8876343791526259,-0.00035345623342500327,0.6936513474953393
0.75,1.0,9.0,0.8338120163920011,-0.00035232490282350096,1.2160480437837353
0.75,1.7782794100389228,9.0,0.6740578513668267,-0.000384586031712557,2.0193986135019353
0.75,3.162277660168379,9.0,0.5223767506321843,-0.42006345890268554,3.535683139499584
0.75,5.623413251903491,9.0,0.2829094530077523,-0.900847330388784,5.948740774700509
0.75,10.0,9.0,0.1783533542157304,-0.0004274794843278193,10.182480823411344
0.8125,0.1,9.0,1.0,-0.0004296959567393535,0.11636267524230874
0.8125,0.1778279410038923,9.0,1.0,-0.00042289311752170773,0.20692554244544356
0.8125,0.31622776601683794,9.0,1.0,-0.0004184432030831686,0.3679711464992651
0.8125,0.5623413251903491,9.0,0.8789768008758764,-0.00035443119869058525,0.6554020067467966
0.8125,1.0,9.0,0.8283281773470494,-0.0003518301139515894,1.1550328291583307
0.8125,1.7782794100389228,9.0,0.6453273181567928,-0.00043422859135261145,1.9378697620343543
0.8125,3.162277660168379,9.0,0.4752159016523139,-0.0003842340375507171,3.3624323596608034
0.8125,5.623413251903491,9.0,0.3240492626533657,-0.021907658671416953,5.83568255808645
0.8125,10.0,9.0,0.5598881470054691,-0.6397222101246772,11.16117235887506
0.875,0.1,9.0,1.0,-0.0004312881481070232,0.11034381892925493
0.875,0.1778279410038923,9.0,1.0,-0.00042339875180040466,0.1962224699624757
0.875,0.31622776601683794,9.0,1.0,-0.00041889675751371574,0.34893821962992966
0.875,0.5623413251903491,9.0,0.9999999999999999,-0.00048309259507887367,0.6134564147316157
0.875,1.0,9.0,0.8716872524576093,-0.00035238991167744327,1.104466708452493
0.875,1.7782794100389228,9.0,0.8170462590391616,-0.0003512379936808772,1.9535688928200794
0.875,3.162277660168379,9.0,1.0,-0.0004150452696413687,3.489384052486627
0.875,5.623413251903491,9.0,1.0,-0.0004038970030138944,6.205106225923197
0.875,10.0,9.0,0.5184207247249031,-0.013179057541064984,10.712423847315165
0.9375,0.1,9.0,1.0,-0.000494900310757644,0.10434664766496879
0.9375,0.1778279410038923,9.0,1.0,-0.0005962651331886111,0.18356123341669978
0.9375,0.31622776601683794,9.0,1.0,-0.0004848526452568735,0.32997319408828185
0.9375,0.5623413251903491,9.0,1.0,-0.0004177806414425656,0.5899931088867449
0.9375,1.0,9.0,0.814221531711015,-0.00034377909466188543,1.047517388592505
0.9375,1.7782794100389228,9.0,1.0,-0.0004799265524370385,1.8555793864646615
0.9375,3.162277660168379,9.0,0.7117272979210152,-0.0010964946043063562,3.2965380548219767
0.9375,5.623413251903491,9.0,1.0,-0.00041503078645157177,5.899932574153268
0.9375,10.0,9.0,1.0,-0.00041440176894190777,10.491722382824571
1.0,0.1,9.0,0.12682585065701948,-0.0006534278338523642,0.09999803710482755
1.0,0.1778279410038923,9.0,0.22901361820937258,-0.0006093344742097791,0.17782523354680826
1.0,0.31622776601683794,9.0,0.2554485848994388,-0.0005995376866707188,0.3162228566466226
1.0,0.5623413251903491,9.0,0.4594466031162584,-0.0005903298693838139,0.5623335484802023
1.0,1.0,9.0,0.007063247754394516,-0.0007465603204855147,0.9999792610443378
1.0,1.7782794100389228,9.0,0.01874292626291839,-0.0006292783383372033,1.7782574686531858
1.0,3.162277660168379,9.0,0.010394836534793766,-0.0006331131802443061,3.1622268072216504
1.0,5.623413251903491,9.0,0.001704397236699732,-0.0007239206873181449,5.623309563495626
1.0,10.0,9.0,0.002714343884103829,-0.0006486315773505399,9.999855762607721
0.5,0.1,10.0,1.0,-0.0003257455082495922,0.17499925171082223
0.5,0.1778279410038923,10.0,1.0,-0.0003192573985973827,0.31119707510447553
0.5,0.31622776601683794,10.0,1.0,-0.00031656269859116636,0.5533955724959022
0.5,0.5623413251903491,10.0,0.9999999999999998,-0.0003158750402016423,0.9840929748134644
0.5,1.0,10.0,0.8717792182148899,-0.023605614329703716,1.7835831608925268
0.5,1.7782794100389228,10.0,0.8461673464153119,-0.05944244029915186,2.7632500757446743
0.5,3.162277660168379,10.0,0.8455469067316456,-0.02816147669474024,3.829479335276728
0.5,5.623413251903491,10.0,0.7362610579945513,-0.5511997810558322,5.550252547097603
0.5,10.0,10.0,0.6169468756418315,-0.00031438077113312487,14.11799103898499
0.5625,0.1,10.0,1.0,-0.0003257795337629223,0.1599989809779795
0.5625,0.1778279410038923,10.0,1.0,-0.0003198750877362782,0.28452301276389513
0.5625,0.31622776601683794,10.0,1.0,-0.0003165353118952928,0.5059613852441383
0.5625,0.5623413251903491,10.0,1.0,-0.000315618804559705,0.8997423055985775
0.5625,1.0,10.0,0.8222214632192244,-0.007429011931464049,1.5864217245998047
0.5625,1.7782794100389228,10.0,0.7933401892335126,-0.06432888904770638,2.5442507060129405
0.5625,3.162277660168379,10.0,0.7879403450153,-0.051362690061621585,3.6734888760932853
0.5625,5.623413251903491,10.0,0.8083236014286398,-0.7965655145836273,5.618308763404936
0.5625,10.0,10.0,0.7437262467943315,-0.634253821227441,6.160356090458353
0.625,0.1,10.0,1.0,-0.0003524143442298657,0.14545379159329802
0.625,0.1778279410038923,10.0,1.0000000000000002,-0.0003792075926076727,0.25403814050267104
0.625,0.31622776601683794,10.0,1.0,-0.00031768320498110704,0.4660175465296349
0.625,0.5623413251903491,10.0,1.0,-0.0003158344596473894,0.8287101521959123
0.625,1.0,10.0,0.7953311980607433,-0.007624149067072675,1.4875208130003565
0.625,1.7782794100389228,10.0,0.7835526572121034,-0.04765746290944353,2.4087499934021896
0.625,3.162277660168379,10.0,0.8833878071721756,-0.005457513219905865,3.5837304988723067
0.625,5.623413251903491,10.0,0.7629942424636841,-0.8113404966230718,5.375915685763788
0.625,10.0,10.0,0.8551616220607928,-0.11537998675380091,4.147133082811223
0.6875,0.1,10.0,1.0,-0.0003284914589330229,0.1365845569984058
0.6875,0.1778279410038923,10.0,1.0,-0.0003224238745877621,0.24288587662040015
0.6875,0.31622776601683794,10.0,1.0,-0.0003178467984658986,0.43191858287670537
0.6875,0.5623413251903491,10.0,1.0,-0.0003150927546176486,0.76807161126757
0.6875,1.0,10.0,0.8094867452227785,-0.0002378656363208876,1.3701339789005034
0.6875,1.7782794100389228,10.0,0.9298239545009068,-0.03066033172427266,2.3183965987945054
0.6875,3.162277660168379,10.0,0.9308499185028221,-0.006662120374781102,3.4798899214028265
0.6875,5.623413251903491,10.0,0.8193141119291814,-0.8541177574353418,4.505097219764628
0.6875,10.0,10.0,0.837914876664505,-0.33432692151162413,4.196520356347682
0.75,0.1,10.0,1.0,-0.0003304890043762525,0.12727214299326906
0.75,0.1778279410038923,10.0,1.0,-0.00032301454445707176,0.22632548677399128
0.75,0.31622776601683794,10.0,1.0,-0.0003433268985054709,0.3994434282046019
0.75,0.5623413251903491,10.0,1.0,-0.00031670817746439617,0.7157039663765883
0.75,1.0,10.0,0.9428382849690902,-0.0002848054405587059,1.2738573929698809
0.75,1.7782794100389228,10.0,0.97837338489986,-0.00027682046917699895,2.209345654014245
0.75,3.162277660168379,10.0,0.8783813755307727,-0.006922523545944642,3.361662395886372
0.75,5.623413251903491,10.0,0.8155627558711952,-0.8687529710361788,4.399322837229819
0.75,10.0,10.0,0.9120896427226263,-0.29047361214830675,4.136156090825793
0.8125,0.1,10.0,1.0,-0.00035560722430706617,0.11851789914606034
0.8125,0.1778279410038923,10.0,1.0,-0.00034825678581884307,0.21075794622952793
0.8125,0.31622776601683794,10.0,1.0,-0.0003189940402855474,0.3767804844221972
0.8125,0.5623413251903491,10.0,1.0,-0.0003406069398045792,0.6664743916834023
0.8125,1.0,10.0,0.8905558884990167,-0.0005036913539783624,1.1923827629431194
0.8125,1.7782794100389228,10.0,0.9250061001659422,-0.0005974105270458554,2.10576130793067
0.8125,3.162277660168379,10.0,0.8747950107404026,-0.008228020432945064,3.2581718894432576
0.8125,5.623413251903491,10.0,0.8194806748172943,-0.8629486295711765,4.323101076303812
0.8125,10.0,10.0,0.8395472066550536,-0.33311607234703244,4.0867265743728165
0.875,0.1,10.0,1.0,-0.00035543266330392696,0.11162712243971391
0.875,0.1778279410038923,10.0,1.0,-0.00032397226345292913,0.19916624343213696
0.875,0.31622776601683794,10.0,1.0,-0.00031836883170674327,0.35417301611678237
0.875,0.5623413251903491,10.0,1.0,-0.00034194014831291517,0.6277266465460701
0.875,1.0,10.0,0.9388713626849062,-0.0002857234741771668,1.1204855653331325
0.875,1.7782794100389228,10.0,0.7774398038693999,-0.010313248576594377,2.0135552611488565
0.875,3.162277660168379,10.0,0.9239391098740627,-0.013278693590025724,3.162603206279859
0.875,5.623413251903491,10.0,0.7618585400397073,-1.2755136842830759,4.055551244825382
0.875,10.0,10.0,0.638404329805332,-0.0003523823543715427,10.804513510654647
0.9375,0.1,10.0,0.9999999999997636,-0.000333432940455316,0.10565975849410435
0.9375,0.1778279410038923,10.0,0.9999999999992584,-0.00032384361173988995,0.18789250301068183
0.9375,0.31622776601683794,10.0,0.9999999999999756,-0.0003433597896114514,0.33360067895410006
0.9375,0.5623413251903491,10.0,0.9999999999995424,-0.0003406215321111942,0.5932352244604233
0.9375,1.0,10.0,0.9183923309090963,-0.0003174289093297103,1.0552908273609691
0.9375,1.7782794100389228,10.0,0.9839082641169035,-0.0005778687679684119,1.9114112077750265
0.9375,3.162277660168379,10.0,0.9198733351178427,-0.015393357026531445,3.0658125291526495
0.9375,5.623413251903491,10.0,0.8241915059012723,-0.7494351835509293,4.754114279699982
0.9375,10.0,10.0,0.8414944666448573,-0.44500122337692505,4.065766986180343
1.0,0.1,10.0,0.6169742911296334,-0.0004689090611056342,0.09999901001860607
1.0,0.1778279410038923,10.0,0.10320972323586272,-0.0005716058650959388,0.17782540910113104
1.0,0.31622776601683794,10.0,0.2715328360213324,-0.00043299744818984875,0.31622530600878385
1.0,0.5623413251903491,10.0,0.5666064799218882,-0.0004782115472377806,0.562335188186211
1.0,1.0,10.0,0.4299209126639454,-0.0004767735176403511,0.9999912860494595
1.0,1.7782794100389228,10.0,0.717398910334052,-0.10311069683577832,1.8205715574696022
1.0,3.162277660168379,10.0,0.8123422162118249,-0.019879809460370247,2.972819244057603
1.0,5.623413251903491,10.0,0.6409260467459211,-0.7432544875697609,4.623005605270379
1.0,10.0,10.0,0.5060495388059609,-1.113590855238822,5.719491996485293
